date,temperature,humidity,humidity,luminosity
2021-11-17 15:33:48.471,21.5,29.2,29.2,143
2021-11-17 15:33:46.460,21.5,29.2,29.2,143
2021-11-17 15:33:44.453,21.5,29.2,29.2,143
2021-11-17 15:33:42.441,21.5,29.2,29.2,143
2021-11-17 15:33:40.430,21.5,29.2,29.2,143
2021-11-17 15:33:38.419,21.5,29.1,29.1,143
2021-11-17 15:33:36.412,21.5,29.1,29.1,144
2021-11-17 15:33:34.400,21.5,29.1,29.1,145
2021-11-17 15:33:32.389,21.5,29.1,29.1,146
2021-11-17 15:33:30.377,21.5,29.1,29.1,145
2021-11-17 15:33:28.366,21.5,29.1,29.1,144
2021-11-17 15:33:26.359,21.5,29.1,29.1,145
2021-11-17 15:33:24.347,21.5,29.1,29.1,144
2021-11-17 15:33:22.336,21.5,29.1,29.1,143
2021-11-17 15:33:20.325,21.5,29.1,29.1,145
2021-11-17 15:33:18.317,21.5,29.1,29.1,143
2021-11-17 15:33:16.306,21.5,29.1,29.1,143
2021-11-17 15:33:14.295,21.5,29.1,29.1,143
2021-11-17 15:33:12.283,21.5,29.1,29.1,142
2021-11-17 15:33:10.276,21.5,29.1,29.1,143
2021-11-17 15:33:08.265,21.5,29.1,29.1,143
2021-11-17 15:33:06.253,21.5,29.1,29.1,143
2021-11-17 15:33:04.242,21.5,29.2,29.2,143
2021-11-17 15:33:02.235,21.5,29.2,29.2,143
2021-11-17 15:33:00.224,21.5,29.2,29.2,143
2021-11-17 15:32:58.212,21.5,29.2,29.2,143
2021-11-17 15:32:56.201,21.5,29.2,29.2,143
2021-11-17 15:32:54.194,21.5,29.1,29.1,143
2021-11-17 15:32:52.182,21.5,29.2,29.2,144
2021-11-17 15:32:50.171,21.5,29.1,29.1,143
2021-11-17 15:32:48.160,21.5,29.1,29.1,144
2021-11-17 15:32:46.152,21.5,29.1,29.1,145
2021-11-17 15:32:44.141,21.5,29.2,29.2,145
2021-11-17 15:32:42.130,21.5,29.2,29.2,143
2021-11-17 15:32:40.118,21.5,29.2,29.2,143
2021-11-17 15:32:38.111,21.5,29.2,29.2,143
2021-11-17 15:32:36.100,21.5,29.2,29.2,143
2021-11-17 15:32:34.088,21.5,29.2,29.2,143
2021-11-17 15:32:32.077,21.5,29.2,29.2,144
2021-11-17 15:32:30.070,21.5,29.2,29.2,144
2021-11-17 15:32:28.059,21.5,29.2,29.2,144
2021-11-17 15:32:26.047,21.5,29.2,29.2,144
2021-11-17 15:32:24.036,21.5,29.2,29.2,144
2021-11-17 15:32:22.029,21.5,29.2,29.2,145
2021-11-17 15:32:20.018,21.5,29.2,29.2,144
2021-11-17 15:32:18.006,21.5,29.2,29.2,144
2021-11-17 15:32:15.999,21.5,29.2,29.2,144
2021-11-17 15:32:13.987,21.5,29.2,29.2,145
2021-11-17 15:32:11.976,21.5,29.2,29.2,145
2021-11-17 15:32:09.965,21.5,29.2,29.2,145
2021-11-17 15:32:07.957,21.5,29.2,29.2,145
2021-11-17 15:32:05.946,21.5,29.2,29.2,144
2021-11-17 15:32:03.935,21.5,29.2,29.2,145
2021-11-17 15:32:01.923,21.5,29.2,29.2,145
2021-11-17 15:31:59.916,21.5,29.2,29.2,145
2021-11-17 15:31:57.905,21.5,29.2,29.2,145
2021-11-17 15:31:55.893,21.5,29.2,29.2,144
2021-11-17 15:31:53.882,21.5,29.2,29.2,144
2021-11-17 15:31:51.875,21.5,29.2,29.2,145
2021-11-17 15:31:49.864,21.5,29.2,29.2,143
2021-11-17 15:31:47.852,21.5,29.2,29.2,144
2021-11-17 15:31:45.841,21.5,29.2,29.2,145
2021-11-17 15:31:43.834,21.5,29.1,29.1,145
2021-11-17 15:31:41.822,21.5,29.1,29.1,149
2021-11-17 15:31:39.811,21.5,29.0,29.0,143
2021-11-17 15:31:37.800,21.5,29.0,29.0,145
2021-11-17 15:31:35.792,21.5,28.9,28.9,145
2021-11-17 15:31:33.781,21.5,28.8,28.8,145
2021-11-17 15:31:31.770,21.5,28.7,28.7,145
2021-11-17 15:31:29.762,21.5,28.7,28.7,144
2021-11-17 15:31:27.751,21.5,28.6,28.6,145
2021-11-17 15:31:25.740,21.5,28.6,28.6,145
2021-11-17 15:31:23.728,21.5,28.6,28.6,145
2021-11-17 15:31:21.717,21.5,28.5,28.5,144
2021-11-17 15:31:19.710,21.5,28.5,28.5,145
2021-11-17 15:31:17.698,21.5,28.5,28.5,145
2021-11-17 15:31:15.732,21.5,27.5,27.5,148
2021-11-17 15:31:11.619,21.5,28.4,28.4,153
2021-11-17 15:31:09.608,21.5,28.4,28.4,145
2021-11-17 15:31:07.597,21.5,28.4,28.4,143
2021-11-17 15:31:05.589,21.5,28.4,28.4,142
2021-11-17 15:31:03.578,21.5,28.4,28.4,143
2021-11-17 15:31:01.567,21.5,28.4,28.4,143
2021-11-17 15:30:59.555,21.5,28.4,28.4,143
2021-11-17 15:30:57.548,21.5,28.4,28.4,143
2021-11-17 15:30:55.537,21.5,28.4,28.4,143
2021-11-17 15:30:53.525,21.5,28.4,28.4,143
2021-11-17 15:30:51.518,21.5,28.4,28.4,143
2021-11-17 15:30:49.507,21.5,28.4,28.4,143
2021-11-17 15:30:47.496,21.5,28.4,28.4,143
2021-11-17 15:30:45.484,21.5,28.4,28.4,143
2021-11-17 15:30:43.477,21.5,28.4,28.4,143
2021-11-17 15:30:41.466,21.5,28.4,28.4,143
2021-11-17 15:30:39.454,21.5,28.4,28.4,143
2021-11-17 15:30:37.443,21.5,28.4,28.4,143
2021-11-17 15:30:35.436,21.5,28.4,28.4,143
2021-11-17 15:30:33.424,21.5,28.4,28.4,142
2021-11-17 15:30:31.413,21.5,28.4,28.4,142
2021-11-17 15:30:29.402,21.5,28.4,28.4,142
2021-11-17 15:30:27.394,21.5,28.3,28.3,142
2021-11-17 15:30:25.383,21.5,28.4,28.4,142
2021-11-17 15:30:23.371,21.5,28.4,28.4,143
2021-11-17 15:30:21.360,21.5,28.4,28.4,143
2021-11-17 15:30:19.353,21.5,28.4,28.4,143
2021-11-17 15:30:17.341,21.5,28.4,28.4,143
2021-11-17 15:30:15.330,21.5,28.4,28.4,143
2021-11-17 15:30:13.319,21.5,28.4,28.4,142
2021-11-17 15:30:11.311,21.5,28.4,28.4,143
2021-11-17 15:30:09.300,21.5,28.4,28.4,143
2021-11-17 15:30:07.289,21.5,28.5,28.5,143
2021-11-17 15:30:05.281,21.5,28.5,28.5,143
2021-11-17 15:30:03.270,21.5,28.5,28.5,142
2021-11-17 15:30:01.259,21.5,28.5,28.5,143
2021-11-17 15:29:59.247,21.5,28.5,28.5,142
2021-11-17 15:29:57.236,21.5,28.5,28.5,143
2021-11-17 15:29:55.229,21.5,28.4,28.4,143
2021-11-17 15:29:53.218,21.5,28.5,28.5,142
2021-11-17 15:29:51.206,21.5,28.5,28.5,143
2021-11-17 15:29:49.195,21.5,28.5,28.5,143
2021-11-17 15:29:47.188,21.5,28.5,28.5,142
2021-11-17 15:29:45.176,21.5,28.5,28.5,143
2021-11-17 15:29:43.165,21.5,28.4,28.4,142
2021-11-17 15:29:41.154,21.5,28.4,28.4,142
2021-11-17 15:29:39.146,21.5,28.4,28.4,143
2021-11-17 15:29:37.135,21.5,28.4,28.4,142
2021-11-17 15:29:35.124,21.5,28.4,28.4,142
2021-11-17 15:29:33.112,21.5,28.3,28.3,143
2021-11-17 15:29:31.105,21.5,28.4,28.4,143
2021-11-17 15:29:29.094,21.5,28.3,28.3,142
2021-11-17 15:29:27.083,21.5,28.3,28.3,143
2021-11-17 15:29:25.071,21.5,28.3,28.3,143
2021-11-17 15:29:23.064,21.5,28.3,28.3,143
2021-11-17 15:29:21.053,21.5,28.3,28.3,143
2021-11-17 15:29:19.041,21.5,28.4,28.4,143
2021-11-17 15:29:17.030,21.5,28.4,28.4,143
2021-11-17 15:29:15.023,21.5,28.3,28.3,143
2021-11-17 15:29:13.011,21.5,28.4,28.4,143
2021-11-17 15:29:11.000,21.5,28.4,28.4,143
2021-11-17 15:29:08.989,21.5,28.4,28.4,144
2021-11-17 15:29:06.981,21.5,28.5,28.5,144
2021-11-17 15:29:04.970,21.4,28.4,28.4,144
2021-11-17 15:29:02.959,21.5,28.5,28.5,144
2021-11-17 15:29:00.947,21.5,28.5,28.5,143
2021-11-17 15:28:58.940,21.5,28.5,28.5,144
2021-11-17 15:28:56.929,21.5,28.6,28.6,144
2021-11-17 15:28:54.917,21.5,28.6,28.6,144
2021-11-17 15:28:52.906,21.5,28.6,28.6,143
2021-11-17 15:28:50.899,21.5,28.6,28.6,143
2021-11-17 15:28:48.887,21.4,28.5,28.5,143
2021-11-17 15:28:46.876,21.5,28.6,28.6,143
2021-11-17 15:28:44.865,21.5,28.6,28.6,143
2021-11-17 15:28:42.858,21.5,28.6,28.6,143
2021-11-17 15:28:40.846,21.5,28.6,28.6,143
2021-11-17 15:28:38.835,21.4,28.5,28.5,143
2021-11-17 15:28:36.824,21.5,28.6,28.6,143
2021-11-17 15:28:34.816,21.4,28.6,28.6,143
2021-11-17 15:28:32.805,21.5,28.6,28.6,143
2021-11-17 15:28:30.794,21.4,28.6,28.6,144
2021-11-17 15:28:28.782,21.5,28.7,28.7,143
2021-11-17 15:28:26.775,21.5,28.7,28.7,143
2021-11-17 15:28:24.764,21.5,28.7,28.7,143
2021-11-17 15:28:22.753,21.5,28.7,28.7,142
2021-11-17 15:28:20.741,21.4,28.6,28.6,142
2021-11-17 15:28:18.730,21.5,28.7,28.7,141
2021-11-17 15:28:16.723,21.4,28.7,28.7,138
2021-11-17 15:28:14.711,21.5,28.7,28.7,143
2021-11-17 15:28:12.700,21.5,28.6,28.6,141
2021-11-17 15:28:10.689,21.4,28.5,28.5,143
2021-11-17 15:28:08.681,21.4,28.5,28.5,142
2021-11-17 15:28:06.670,21.5,28.6,28.6,142
2021-11-17 15:28:04.659,21.5,28.6,28.6,142
2021-11-17 15:28:02.647,21.4,28.5,28.5,143
2021-11-17 15:28:00.640,21.4,28.5,28.5,143
2021-11-17 15:27:58.629,21.4,28.5,28.5,143
2021-11-17 15:27:56.618,21.5,28.6,28.6,143
2021-11-17 15:27:54.606,21.5,28.6,28.6,143
2021-11-17 15:27:52.599,21.5,28.6,28.6,142
2021-11-17 15:27:50.587,21.4,28.5,28.5,142
2021-11-17 15:27:48.576,21.5,28.6,28.6,143
2021-11-17 15:27:46.565,21.5,28.6,28.6,142
2021-11-17 15:27:44.558,21.4,28.5,28.5,143
2021-11-17 15:27:42.546,21.4,28.6,28.6,143
2021-11-17 15:27:40.535,21.4,28.6,28.6,143
2021-11-17 15:27:38.524,21.5,28.7,28.7,143
2021-11-17 15:27:36.516,21.5,28.6,28.6,143
2021-11-17 15:27:34.505,21.5,28.6,28.6,143
2021-11-17 15:27:32.494,21.4,28.6,28.6,143
2021-11-17 15:27:30.482,21.5,28.7,28.7,143
2021-11-17 15:27:28.475,21.5,28.7,28.7,143
2021-11-17 15:27:26.464,21.5,28.7,28.7,143
2021-11-17 15:27:24.453,21.5,28.7,28.7,143
2021-11-17 15:27:22.441,21.5,28.7,28.7,142
2021-11-17 15:27:20.430,21.4,28.6,28.6,143
2021-11-17 15:27:18.423,21.4,28.6,28.6,143
2021-11-17 15:27:16.411,21.4,28.6,28.6,143
2021-11-17 15:27:14.400,21.5,28.7,28.7,144
2021-11-17 15:27:12.389,21.5,28.7,28.7,144
2021-11-17 15:27:10.381,21.5,28.7,28.7,143
2021-11-17 15:27:08.370,21.5,28.7,28.7,143
2021-11-17 15:27:06.359,21.5,28.7,28.7,143
2021-11-17 15:27:04.347,21.5,28.7,28.7,143
2021-11-17 15:27:02.336,21.5,28.7,28.7,143
2021-11-17 15:27:00.329,21.5,28.7,28.7,143
2021-11-17 15:26:58.317,21.5,28.8,28.8,143
2021-11-17 15:26:56.306,21.5,28.8,28.8,143
2021-11-17 15:26:54.295,21.5,28.8,28.8,143
2021-11-17 15:26:52.288,21.5,28.8,28.8,143
2021-11-17 15:26:50.276,21.5,28.8,28.8,142
2021-11-17 15:26:48.265,21.5,28.8,28.8,143
2021-11-17 15:26:46.258,21.5,28.8,28.8,141
2021-11-17 15:26:44.246,21.5,28.8,28.8,140
2021-11-17 15:26:42.235,21.5,28.7,28.7,141
2021-11-17 15:26:40.224,21.5,28.7,28.7,143
2021-11-17 15:26:38.216,21.5,28.7,28.7,143
2021-11-17 15:26:36.205,21.5,28.7,28.7,143
2021-11-17 15:26:34.194,21.5,28.7,28.7,143
2021-11-17 15:26:32.182,21.5,28.7,28.7,143
2021-11-17 15:26:30.171,21.5,28.7,28.7,143
2021-11-17 15:26:28.164,21.5,28.7,28.7,142
2021-11-17 15:26:26.152,21.5,28.7,28.7,143
2021-11-17 15:26:24.141,21.5,28.6,28.6,143
2021-11-17 15:26:22.129,21.5,28.6,28.6,142
2021-11-17 15:26:20.122,21.5,28.6,28.6,142
2021-11-17 15:26:18.111,21.5,28.6,28.6,142
2021-11-17 15:26:16.099,21.5,28.6,28.6,142
2021-11-17 15:26:14.088,21.5,28.6,28.6,143
2021-11-17 15:26:12.081,21.5,28.6,28.6,143
2021-11-17 15:26:10.069,21.5,28.6,28.6,143
2021-11-17 15:26:08.058,21.5,28.6,28.6,143
2021-11-17 15:26:06.047,21.5,28.6,28.6,142
2021-11-17 15:26:04.040,21.5,28.6,28.6,142
2021-11-17 15:26:02.028,21.5,28.6,28.6,142
2021-11-17 15:26:00.017,21.5,28.6,28.6,142
2021-11-17 15:25:58.006,21.5,28.6,28.6,142
2021-11-17 15:25:55.994,21.5,28.6,28.6,142
2021-11-17 15:25:53.987,21.5,28.6,28.6,143
2021-11-17 15:25:51.976,21.5,28.6,28.6,143
2021-11-17 15:25:49.964,21.5,28.6,28.6,143
2021-11-17 15:25:47.953,21.5,28.6,28.6,143
2021-11-17 15:25:45.946,21.5,28.6,28.6,142
2021-11-17 15:25:43.934,21.5,28.6,28.6,142
2021-11-17 15:25:41.923,21.5,28.6,28.6,143
2021-11-17 15:25:39.912,21.5,28.5,28.5,143
2021-11-17 15:25:37.904,21.5,28.5,28.5,143
2021-11-17 15:25:35.893,21.5,28.4,28.4,143
2021-11-17 15:25:33.882,21.5,28.4,28.4,143
2021-11-17 15:25:31.870,21.5,28.4,28.4,141
2021-11-17 15:25:29.863,21.5,28.4,28.4,143
2021-11-17 15:25:27.852,21.5,28.4,28.4,143
2021-11-17 15:25:25.840,21.5,28.4,28.4,143
2021-11-17 15:25:23.829,21.5,28.3,28.3,143
2021-11-17 15:25:21.822,21.5,28.3,28.3,143
2021-11-17 15:25:19.810,21.5,28.3,28.3,143
2021-11-17 15:25:17.799,21.5,28.2,28.2,143
2021-11-17 15:25:15.788,21.4,28.2,28.2,143
2021-11-17 15:25:13.780,21.5,28.2,28.2,143
2021-11-17 15:25:11.769,21.4,28.2,28.2,145
2021-11-17 15:25:09.758,21.5,28.3,28.3,141
2021-11-17 15:25:07.747,21.5,28.3,28.3,143
2021-11-17 15:25:05.739,21.5,28.3,28.3,143
2021-11-17 15:25:03.728,21.5,28.2,28.2,145
2021-11-17 15:25:01.717,21.5,28.2,28.2,143
2021-11-17 15:24:59.705,21.5,28.2,28.2,143
2021-11-17 15:24:57.698,21.5,28.2,28.2,143
2021-11-17 15:24:55.687,21.5,28.3,28.3,141
2021-11-17 15:24:53.675,21.5,28.3,28.3,142
2021-11-17 15:24:51.664,21.5,28.3,28.3,142
2021-11-17 15:24:49.657,21.5,28.3,28.3,143
2021-11-17 15:24:47.645,21.5,28.3,28.3,143
2021-11-17 15:24:45.634,21.4,28.3,28.3,143
2021-11-17 15:24:43.623,21.5,28.3,28.3,142
2021-11-17 15:24:41.615,21.5,28.3,28.3,140
2021-11-17 15:24:39.604,21.5,28.3,28.3,142
2021-11-17 15:24:37.593,21.4,28.2,28.2,143
2021-11-17 15:24:35.581,21.5,28.2,28.2,142
2021-11-17 15:24:33.574,21.5,28.2,28.2,142
2021-11-17 15:24:31.563,21.5,28.2,28.2,143
2021-11-17 15:24:29.551,21.5,28.2,28.2,142
2021-11-17 15:24:27.540,21.5,28.2,28.2,142
2021-11-17 15:24:25.533,21.5,28.2,28.2,143
2021-11-17 15:24:23.522,21.5,28.2,28.2,142
2021-11-17 15:24:21.511,21.5,28.3,28.3,142
2021-11-17 15:24:19.503,21.5,28.2,28.2,142
2021-11-17 15:24:17.492,21.5,28.2,28.2,142
2021-11-17 15:24:15.481,21.5,28.2,28.2,143
2021-11-17 15:24:13.469,21.5,28.2,28.2,142
2021-11-17 15:24:11.462,21.5,28.2,28.2,142
2021-11-17 15:24:09.451,21.5,28.2,28.2,141
2021-11-17 15:24:07.439,21.5,28.2,28.2,143
2021-11-17 15:24:05.428,21.5,28.1,28.1,142
2021-11-17 15:24:03.421,21.5,28.1,28.1,142
2021-11-17 15:24:01.409,21.5,28.1,28.1,142
2021-11-17 15:23:59.398,21.5,28.1,28.1,142
2021-11-17 15:23:57.387,21.5,28.1,28.1,142
2021-11-17 15:23:55.380,21.5,28.1,28.1,142
2021-11-17 15:23:53.368,21.5,28.1,28.1,142
2021-11-17 15:23:51.357,21.5,28.0,28.0,143
2021-11-17 15:23:49.346,21.5,28.0,28.0,143
2021-11-17 15:23:47.338,21.5,28.0,28.0,143
2021-11-17 15:23:45.327,21.5,28.0,28.0,143
2021-11-17 15:23:43.316,21.5,28.0,28.0,143
2021-11-17 15:23:41.308,21.5,28.0,28.0,143
2021-11-17 15:23:39.297,21.5,28.0,28.0,142
2021-11-17 15:23:37.286,21.5,28.0,28.0,143
2021-11-17 15:23:35.274,21.5,28.0,28.0,144
2021-11-17 15:23:33.267,21.5,28.0,28.0,143
2021-11-17 15:23:31.256,21.5,28.0,28.0,143
2021-11-17 15:23:29.244,21.5,28.0,28.0,143
2021-11-17 15:23:27.237,21.5,28.1,28.1,143
2021-11-17 15:23:25.225,21.5,28.1,28.1,143
2021-11-17 15:23:23.214,21.5,28.1,28.1,143
2021-11-17 15:23:21.203,21.5,28.1,28.1,143
2021-11-17 15:23:19.195,21.4,28.0,28.0,142
2021-11-17 15:23:17.184,21.4,28.0,28.0,143
2021-11-17 15:23:15.173,21.5,28.0,28.0,142
2021-11-17 15:23:13.165,21.5,28.0,28.0,142
2021-11-17 15:23:11.154,21.4,28.0,28.0,143
2021-11-17 15:23:09.143,21.4,28.0,28.0,143
2021-11-17 15:23:07.131,21.4,28.0,28.0,143
2021-11-17 15:23:05.124,21.4,28.0,28.0,141
2021-11-17 15:23:03.113,21.4,28.0,28.0,141
2021-11-17 15:23:01.101,21.4,27.9,27.9,141
2021-11-17 15:22:59.090,21.4,27.9,27.9,142
2021-11-17 15:22:57.083,21.5,28.0,28.0,142
2021-11-17 15:22:55.072,21.4,27.9,27.9,142
2021-11-17 15:22:53.060,21.4,27.9,27.9,142
2021-11-17 15:22:51.049,21.5,27.9,27.9,142
2021-11-17 15:22:49.042,21.5,27.9,27.9,141
2021-11-17 15:22:47.030,21.4,27.9,27.9,140
2021-11-17 15:22:45.019,21.4,27.9,27.9,142
2021-11-17 15:22:43.008,21.4,27.9,27.9,142
2021-11-17 15:22:41.000,21.5,27.9,27.9,142
2021-11-17 15:22:38.989,21.5,27.9,27.9,142
2021-11-17 15:22:36.978,21.5,27.9,27.9,142
2021-11-17 15:22:34.966,21.5,27.9,27.9,142
2021-11-17 15:22:32.959,21.5,27.9,27.9,142
2021-11-17 15:22:30.948,21.5,27.9,27.9,142
2021-11-17 15:22:28.936,21.5,27.9,27.9,142
2021-11-17 15:22:26.925,21.4,27.9,27.9,142
2021-11-17 15:22:24.914,21.4,27.9,27.9,142
2021-11-17 15:22:22.907,21.5,28.0,28.0,142
2021-11-17 15:22:20.895,21.4,27.9,27.9,143
2021-11-17 15:22:18.884,21.4,27.9,27.9,144
2021-11-17 15:22:16.873,21.5,28.0,28.0,142
2021-11-17 15:22:14.866,21.5,27.9,27.9,142
2021-11-17 15:22:12.854,21.5,27.9,27.9,142
2021-11-17 15:22:10.843,21.5,27.9,27.9,142
2021-11-17 15:22:08.832,21.4,27.9,27.9,142
2021-11-17 15:22:06.824,21.5,27.9,27.9,142
2021-11-17 15:22:04.813,21.5,27.9,27.9,142
2021-11-17 15:22:02.802,21.5,27.9,27.9,142
2021-11-17 15:22:00.790,21.5,27.8,27.8,142
2021-11-17 15:21:58.783,21.5,27.9,27.9,142
2021-11-17 15:21:56.772,21.4,27.8,27.8,142
2021-11-17 15:21:54.760,21.5,27.8,27.8,142
2021-11-17 15:21:52.749,21.5,27.8,27.8,142
2021-11-17 15:21:50.742,21.5,27.8,27.8,142
2021-11-17 15:21:48.730,21.5,27.8,27.8,142
2021-11-17 15:21:46.719,21.5,27.7,27.7,142
2021-11-17 15:21:44.708,21.5,27.7,27.7,142
2021-11-17 15:21:42.700,21.5,27.6,27.6,142
2021-11-17 15:21:40.689,21.5,27.6,27.6,142
2021-11-17 15:21:38.678,21.5,27.6,27.6,142
2021-11-17 15:21:36.667,21.5,27.7,27.7,142
2021-11-17 15:21:34.659,21.5,27.6,27.6,142
2021-11-17 15:21:32.648,21.5,27.6,27.6,142
2021-11-17 15:21:30.637,21.5,27.6,27.6,142
2021-11-17 15:21:28.629,21.5,27.6,27.6,142
2021-11-17 15:21:26.618,21.5,27.6,27.6,142
2021-11-17 15:21:24.606,21.5,27.5,27.5,143
2021-11-17 15:21:22.595,21.5,27.4,27.4,142
2021-11-17 15:21:20.587,21.5,27.4,27.4,142
2021-11-17 15:21:18.576,21.5,27.4,27.4,141
2021-11-17 15:21:16.565,21.5,27.4,27.4,142
2021-11-17 15:21:14.553,21.5,27.3,27.3,142
2021-11-17 15:21:12.546,21.5,27.3,27.3,142
2021-11-17 15:21:10.535,21.5,27.3,27.3,142
2021-11-17 15:21:08.524,21.5,27.3,27.3,142
2021-11-17 15:21:06.516,21.5,27.3,27.3,142
2021-11-17 15:21:04.505,21.5,27.3,27.3,142
2021-11-17 15:21:02.494,21.5,27.3,27.3,142
2021-11-17 15:21:00.482,21.5,27.3,27.3,142
2021-11-17 15:20:58.475,21.5,27.3,27.3,143
2021-11-17 15:20:56.464,21.6,27.4,27.4,142
2021-11-17 15:20:54.452,21.6,27.4,27.4,143
2021-11-17 15:20:52.441,21.6,27.3,27.3,142
2021-11-17 15:20:50.434,21.5,27.3,27.3,142
2021-11-17 15:20:48.422,21.6,27.4,27.4,142
2021-11-17 15:20:46.411,21.6,27.4,27.4,143
2021-11-17 15:20:44.404,21.6,27.5,27.5,142
2021-11-17 15:20:42.392,21.6,27.5,27.5,143
2021-11-17 15:20:40.381,21.6,27.5,27.5,143
2021-11-17 15:20:38.370,21.6,27.6,27.6,143
2021-11-17 15:20:36.363,21.6,27.6,27.6,143
2021-11-17 15:20:34.351,21.6,27.6,27.6,143
2021-11-17 15:20:32.340,21.6,27.7,27.7,142
2021-11-17 15:20:30.333,21.6,27.7,27.7,142
2021-11-17 15:20:28.321,21.6,27.7,27.7,143
2021-11-17 15:20:26.310,21.6,27.7,27.7,143
2021-11-17 15:20:24.299,21.6,27.8,27.8,143
2021-11-17 15:20:22.291,21.6,27.8,27.8,143
2021-11-17 15:20:20.280,21.6,27.8,27.8,142
2021-11-17 15:20:18.269,21.6,27.8,27.8,142
2021-11-17 15:20:16.257,21.6,27.9,27.9,142
2021-11-17 15:20:14.250,21.6,27.9,27.9,143
2021-11-17 15:20:12.239,21.6,28.0,28.0,143
2021-11-17 15:20:10.227,21.6,28.0,28.0,144
2021-11-17 15:20:08.220,21.6,27.9,27.9,144
2021-11-17 15:20:06.209,21.6,27.9,27.9,144
2021-11-17 15:20:04.197,21.6,27.9,27.9,143
2021-11-17 15:20:02.186,21.6,27.9,27.9,143
2021-11-17 15:20:00.179,21.6,27.9,27.9,143
2021-11-17 15:19:58.168,21.6,27.9,27.9,143
2021-11-17 15:19:56.156,21.6,27.9,27.9,143
2021-11-17 15:19:54.149,21.6,27.9,27.9,143
2021-11-17 15:19:52.138,21.6,27.9,27.9,143
2021-11-17 15:19:50.126,21.6,27.9,27.9,143
2021-11-17 15:19:48.115,21.6,27.9,27.9,146
2021-11-17 15:19:46.108,21.6,27.9,27.9,143
2021-11-17 15:19:44.096,21.6,27.9,27.9,143
2021-11-17 15:19:42.085,21.6,28.0,28.0,143
2021-11-17 15:19:40.078,21.6,28.0,28.0,143
2021-11-17 15:19:38.066,21.6,28.0,28.0,143
2021-11-17 15:19:36.055,21.6,28.0,28.0,143
2021-11-17 15:19:34.048,21.6,28.0,28.0,143
2021-11-17 15:19:32.036,21.6,28.0,28.0,143
2021-11-17 15:19:30.025,21.6,28.0,28.0,143
2021-11-17 15:19:28.014,21.6,28.0,28.0,143
2021-11-17 15:19:26.006,21.6,28.0,28.0,143
2021-11-17 15:19:23.995,21.6,28.0,28.0,143
2021-11-17 15:19:21.984,21.6,28.0,28.0,143
2021-11-17 15:19:19.977,21.6,28.1,28.1,143
2021-11-17 15:19:17.965,21.6,28.1,28.1,143
2021-11-17 15:19:15.954,21.6,28.1,28.1,143
2021-11-17 15:19:13.943,21.6,28.1,28.1,143
2021-11-17 15:19:11.936,21.6,28.1,28.1,144
2021-11-17 15:19:09.924,21.6,28.1,28.1,144
2021-11-17 15:19:07.913,21.6,28.1,28.1,144
2021-11-17 15:19:05.906,21.6,28.1,28.1,145
2021-11-17 15:19:03.894,21.6,28.1,28.1,145
2021-11-17 15:19:01.883,21.6,28.1,28.1,145
2021-11-17 15:18:59.872,21.6,28.1,28.1,143
2021-11-17 15:18:57.864,21.6,28.1,28.1,143
2021-11-17 15:18:55.853,21.6,28.1,28.1,143
2021-11-17 15:18:53.842,21.6,28.1,28.1,143
2021-11-17 15:18:51.835,21.6,28.1,28.1,143
2021-11-17 15:18:49.823,21.6,28.1,28.1,144
2021-11-17 15:18:47.812,21.6,28.1,28.1,143
2021-11-17 15:18:45.801,21.6,28.1,28.1,143
2021-11-17 15:18:43.793,21.6,28.2,28.2,143
2021-11-17 15:18:41.782,21.6,28.2,28.2,143
2021-11-17 15:18:39.770,21.6,28.2,28.2,143
2021-11-17 15:18:37.763,21.6,28.2,28.2,143
2021-11-17 15:18:35.752,21.6,28.2,28.2,143
2021-11-17 15:18:33.741,21.6,28.2,28.2,143
2021-11-17 15:18:31.729,21.6,28.2,28.2,143
2021-11-17 15:18:29.722,21.6,28.2,28.2,143
2021-11-17 15:18:27.711,21.6,28.3,28.3,143
2021-11-17 15:18:25.699,21.6,28.3,28.3,143
2021-11-17 15:18:23.688,21.6,28.3,28.3,144
2021-11-17 15:18:21.681,21.6,28.3,28.3,143
2021-11-17 15:18:19.669,21.6,28.3,28.3,143
2021-11-17 15:18:17.658,21.6,28.3,28.3,143
2021-11-17 15:18:15.651,21.6,28.3,28.3,143
2021-11-17 15:18:13.639,21.6,28.3,28.3,143
2021-11-17 15:18:11.628,21.6,28.3,28.3,143
2021-11-17 15:18:09.617,21.6,28.3,28.3,143
2021-11-17 15:18:07.609,21.6,28.3,28.3,143
2021-11-17 15:18:05.598,21.6,28.3,28.3,143
2021-11-17 15:18:03.587,21.6,28.3,28.3,143
2021-11-17 15:18:01.575,21.6,28.3,28.3,143
2021-11-17 15:17:59.568,21.6,28.4,28.4,143
2021-11-17 15:17:57.557,21.6,28.4,28.4,143
2021-11-17 15:17:55.545,21.6,28.4,28.4,144
2021-11-17 15:17:53.538,21.6,28.4,28.4,143
2021-11-17 15:17:51.527,21.6,28.4,28.4,143
2021-11-17 15:17:49.515,21.6,28.4,28.4,143
2021-11-17 15:17:47.504,21.6,28.4,28.4,143
2021-11-17 15:17:45.497,21.6,28.4,28.4,143
2021-11-17 15:17:43.486,21.6,28.4,28.4,143
2021-11-17 15:17:41.474,21.6,28.4,28.4,143
2021-11-17 15:17:39.463,21.6,28.4,28.4,143
2021-11-17 15:17:37.455,21.6,28.3,28.3,144
2021-11-17 15:17:35.444,21.6,28.3,28.3,143
2021-11-17 15:17:33.433,21.6,28.2,28.2,143
2021-11-17 15:17:31.425,21.6,28.2,28.2,144
2021-11-17 15:17:29.414,21.6,28.2,28.2,143
2021-11-17 15:17:27.403,21.6,28.1,28.1,143
2021-11-17 15:17:25.391,21.6,28.1,28.1,143
2021-11-17 15:17:23.385,21.6,28.1,28.1,143
2021-11-17 15:17:21.374,21.6,28.1,28.1,143
2021-11-17 15:17:19.362,21.6,28.1,28.1,143
2021-11-17 15:17:17.355,21.6,28.0,28.0,143
2021-11-17 15:17:15.344,21.6,28.0,28.0,143
2021-11-17 15:17:13.332,21.6,28.0,28.0,143
2021-11-17 15:17:11.321,21.6,28.0,28.0,143
2021-11-17 15:17:09.314,21.6,28.0,28.0,143
2021-11-17 15:17:07.302,21.6,27.9,27.9,143
2021-11-17 15:17:05.291,21.6,27.9,27.9,143
2021-11-17 15:17:03.284,21.6,27.9,27.9,143
2021-11-17 15:17:01.273,21.6,27.9,27.9,143
2021-11-17 15:16:59.261,21.6,27.9,27.9,143
2021-11-17 15:16:57.250,21.6,27.8,27.8,143
2021-11-17 15:16:55.242,21.6,27.8,27.8,143
2021-11-17 15:16:53.231,21.6,27.8,27.8,144
2021-11-17 15:16:51.220,21.6,27.8,27.8,143
2021-11-17 15:16:49.208,21.6,27.8,27.8,143
2021-11-17 15:16:47.201,21.6,27.8,27.8,143
2021-11-17 15:16:45.190,21.6,27.8,27.8,143
2021-11-17 15:16:43.179,21.6,27.8,27.8,144
2021-11-17 15:16:41.171,21.6,27.8,27.8,143
2021-11-17 15:16:39.160,21.6,27.8,27.8,144
2021-11-17 15:16:37.149,21.6,27.7,27.7,144
2021-11-17 15:16:35.137,21.6,27.7,27.7,144
2021-11-17 15:16:33.130,21.6,27.7,27.7,144
2021-11-17 15:16:31.119,21.6,27.7,27.7,143
2021-11-17 15:16:29.107,21.6,27.7,27.7,143
2021-11-17 15:16:27.096,21.6,27.7,27.7,143
2021-11-17 15:16:25.089,21.6,27.7,27.7,143
2021-11-17 15:16:23.077,21.6,27.7,27.7,143
2021-11-17 15:16:21.066,21.6,27.7,27.7,143
2021-11-17 15:16:19.054,21.6,27.7,27.7,143
2021-11-17 15:16:17.047,21.6,27.7,27.7,143
2021-11-17 15:16:15.036,21.6,27.7,27.7,143
2021-11-17 15:16:13.026,21.6,27.7,27.7,143
2021-11-17 15:16:11.017,21.6,27.7,27.7,143
2021-11-17 15:16:09.006,21.6,27.7,27.7,141
2021-11-17 15:16:06.994,21.6,27.7,27.7,142
2021-11-17 15:16:04.983,21.6,27.7,27.7,143
2021-11-17 15:16:02.976,21.7,27.8,27.8,143
2021-11-17 15:16:00.964,21.6,27.7,27.7,143
2021-11-17 15:15:58.953,21.6,27.7,27.7,143
2021-11-17 15:15:56.942,21.6,27.7,27.7,143
2021-11-17 15:15:54.934,21.6,27.7,27.7,143
2021-11-17 15:15:52.923,21.7,27.8,27.8,143
2021-11-17 15:15:50.912,21.7,27.8,27.8,143
2021-11-17 15:15:48.904,21.7,27.8,27.8,143
2021-11-17 15:15:46.893,21.7,27.8,27.8,143
2021-11-17 15:15:44.882,21.7,27.8,27.8,143
2021-11-17 15:15:42.870,21.7,27.8,27.8,143
2021-11-17 15:15:40.863,21.7,27.8,27.8,143
2021-11-17 15:15:38.852,21.6,27.7,27.7,143
2021-11-17 15:15:36.841,21.7,27.7,27.7,143
2021-11-17 15:15:34.833,21.7,27.7,27.7,143
2021-11-17 15:15:32.822,21.7,27.7,27.7,143
2021-11-17 15:15:30.811,21.7,27.7,27.7,143
2021-11-17 15:15:28.799,21.7,27.7,27.7,143
2021-11-17 15:15:26.792,21.7,27.7,27.7,143
2021-11-17 15:15:24.781,21.7,27.7,27.7,143
2021-11-17 15:15:22.770,21.7,27.7,27.7,143
2021-11-17 15:15:20.758,21.7,27.7,27.7,143
2021-11-17 15:15:18.751,21.7,27.7,27.7,143
2021-11-17 15:15:16.740,21.7,27.6,27.6,143
2021-11-17 15:15:14.728,21.7,27.6,27.6,143
2021-11-17 15:15:12.717,21.7,27.6,27.6,143
2021-11-17 15:15:10.710,21.7,27.6,27.6,143
2021-11-17 15:15:08.699,21.7,27.6,27.6,143
2021-11-17 15:15:06.687,21.7,27.6,27.6,143
2021-11-17 15:15:04.676,21.7,27.6,27.6,143
2021-11-17 15:15:02.669,21.7,27.6,27.6,143
2021-11-17 15:15:00.657,21.7,27.5,27.5,143
2021-11-17 15:14:58.646,21.7,27.5,27.5,143
2021-11-17 15:14:56.639,21.7,27.5,27.5,143
2021-11-17 15:14:54.627,21.7,27.5,27.5,143
2021-11-17 15:14:52.616,21.7,27.5,27.5,142
2021-11-17 15:14:50.605,21.7,27.5,27.5,141
2021-11-17 15:14:48.597,21.7,27.5,27.5,143
2021-11-17 15:14:46.586,21.7,27.4,27.4,143
2021-11-17 15:14:44.575,21.7,27.4,27.4,143
2021-11-17 15:14:42.563,21.7,27.4,27.4,143
2021-11-17 15:14:40.556,21.7,27.4,27.4,143
2021-11-17 15:14:38.545,21.7,27.4,27.4,143
2021-11-17 15:14:36.534,21.7,27.4,27.4,143
2021-11-17 15:14:34.526,21.7,27.4,27.4,143
2021-11-17 15:14:32.515,21.7,27.4,27.4,143
2021-11-17 15:14:30.504,21.7,27.4,27.4,143
2021-11-17 15:14:28.492,21.7,27.4,27.4,143
2021-11-17 15:14:26.485,21.7,27.4,27.4,143
2021-11-17 15:14:24.474,21.7,27.4,27.4,143
2021-11-17 15:14:22.463,21.7,27.4,27.4,143
2021-11-17 15:14:20.455,21.7,27.3,27.3,144
2021-11-17 15:14:18.444,21.7,27.3,27.3,143
2021-11-17 15:14:16.433,21.7,27.3,27.3,143
2021-11-17 15:14:14.421,21.7,27.3,27.3,140
2021-11-17 15:14:12.414,21.7,27.3,27.3,140
2021-11-17 15:14:10.403,21.7,27.3,27.3,140
2021-11-17 15:14:08.391,21.7,27.3,27.3,142
2021-11-17 15:14:06.380,21.7,27.3,27.3,143
2021-11-17 15:14:04.373,21.7,27.3,27.3,143
2021-11-17 15:14:02.361,21.7,27.3,27.3,143
2021-11-17 15:14:00.350,21.7,27.3,27.3,144
2021-11-17 15:13:58.343,21.7,27.3,27.3,144
2021-11-17 15:13:56.332,21.7,27.2,27.2,143
2021-11-17 15:13:54.320,21.7,27.2,27.2,144
2021-11-17 15:13:52.309,21.7,27.2,27.2,143
2021-11-17 15:13:50.302,21.7,27.2,27.2,144
2021-11-17 15:13:48.290,21.7,27.1,27.1,143
2021-11-17 15:13:46.279,21.7,27.1,27.1,143
2021-11-17 15:13:44.268,21.7,27.1,27.1,143
2021-11-17 15:13:42.260,21.7,27.1,27.1,143
2021-11-17 15:13:40.249,21.7,27.1,27.1,143
2021-11-17 15:13:38.238,21.7,27.1,27.1,143
2021-11-17 15:13:36.230,21.7,27.1,27.1,143
2021-11-17 15:13:34.219,21.7,27.1,27.1,143
2021-11-17 15:13:32.208,21.7,27.1,27.1,143
2021-11-17 15:13:30.196,21.7,27.0,27.0,143
2021-11-17 15:13:28.189,21.7,27.0,27.0,143
2021-11-17 15:13:26.178,21.7,27.0,27.0,143
2021-11-17 15:13:24.166,21.7,27.0,27.0,143
2021-11-17 15:13:22.155,21.7,27.0,27.0,142
2021-11-17 15:13:20.147,21.7,27.0,27.0,143
2021-11-17 15:13:18.136,21.7,27.0,27.0,143
2021-11-17 15:13:16.125,21.7,27.0,27.0,143
2021-11-17 15:13:14.117,21.7,27.0,27.0,143
2021-11-17 15:13:12.106,21.7,27.0,27.0,143
2021-11-17 15:13:10.095,21.7,26.9,26.9,143
2021-11-17 15:13:08.083,21.7,27.0,27.0,143
2021-11-17 15:13:06.076,21.7,26.9,26.9,143
2021-11-17 15:13:04.065,21.7,26.9,26.9,145
2021-11-17 15:13:02.054,21.7,26.9,26.9,144
2021-11-17 15:13:00.046,21.7,26.9,26.9,144
2021-11-17 15:12:58.035,21.6,26.9,26.9,144
2021-11-17 15:12:56.023,21.6,26.9,26.9,144
2021-11-17 15:12:54.012,21.7,26.9,26.9,144
2021-11-17 15:12:52.005,21.6,26.8,26.8,143
2021-11-17 15:12:49.994,21.6,26.9,26.9,143
2021-11-17 15:12:47.982,21.6,26.9,26.9,145
2021-11-17 15:12:45.971,21.6,26.8,26.8,144
2021-11-17 15:12:43.964,21.6,26.9,26.9,144
2021-11-17 15:12:41.953,21.6,26.9,26.9,143
2021-11-17 15:12:39.941,21.6,26.8,26.8,143
2021-11-17 15:12:37.934,21.6,26.9,26.9,143
2021-11-17 15:12:35.922,21.6,26.8,26.8,143
2021-11-17 15:12:33.911,21.6,26.8,26.8,143
2021-11-17 15:12:31.904,21.6,26.8,26.8,143
2021-11-17 15:12:29.892,21.6,26.8,26.8,143
2021-11-17 15:12:27.881,21.6,26.8,26.8,142
2021-11-17 15:12:25.870,21.6,26.8,26.8,143
2021-11-17 15:12:23.863,21.6,26.8,26.8,143
2021-11-17 15:12:21.851,21.6,26.8,26.8,143
2021-11-17 15:12:19.840,21.6,26.8,26.8,143
2021-11-17 15:12:17.833,21.6,26.8,26.8,143
2021-11-17 15:12:15.821,21.6,26.8,26.8,141
2021-11-17 15:12:13.810,21.6,26.8,26.8,143
2021-11-17 15:12:11.799,21.6,26.8,26.8,143
2021-11-17 15:12:09.792,21.6,26.8,26.8,143
2021-11-17 15:12:07.780,21.6,26.8,26.8,143
2021-11-17 15:12:05.769,21.6,26.8,26.8,143
2021-11-17 15:12:03.762,21.6,26.9,26.9,143
2021-11-17 15:12:01.750,21.6,26.9,26.9,143
2021-11-17 15:11:59.739,21.6,26.8,26.8,143
2021-11-17 15:11:57.732,21.6,26.8,26.8,143
2021-11-17 15:11:55.720,21.6,26.8,26.8,143
2021-11-17 15:11:53.709,21.6,26.8,26.8,143
2021-11-17 15:11:51.698,21.6,26.8,26.8,143
2021-11-17 15:11:49.690,21.6,26.8,26.8,143
2021-11-17 15:11:47.679,21.6,26.8,26.8,143
2021-11-17 15:11:45.668,21.6,26.8,26.8,143
2021-11-17 15:11:43.660,21.6,26.8,26.8,143
2021-11-17 15:11:41.649,21.6,26.8,26.8,143
2021-11-17 15:11:39.638,21.6,26.8,26.8,143
2021-11-17 15:11:37.626,21.7,26.8,26.8,143
2021-11-17 15:11:35.619,21.6,26.8,26.8,144
2021-11-17 15:11:33.608,21.6,26.7,26.7,144
2021-11-17 15:11:31.597,21.7,26.8,26.8,143
2021-11-17 15:11:29.589,21.7,26.8,26.8,143
2021-11-17 15:11:27.578,21.7,26.8,26.8,143
2021-11-17 15:11:25.567,21.6,26.7,26.7,143
2021-11-17 15:11:23.559,21.7,26.8,26.8,143
2021-11-17 15:11:21.548,21.7,26.8,26.8,143
2021-11-17 15:11:19.537,21.7,26.8,26.8,143
2021-11-17 15:11:17.526,21.7,26.8,26.8,143
2021-11-17 15:11:15.519,21.7,26.8,26.8,143
2021-11-17 15:11:13.507,21.7,26.8,26.8,143
2021-11-17 15:11:11.496,21.7,26.8,26.8,143
2021-11-17 15:11:09.489,21.7,26.8,26.8,143
2021-11-17 15:11:07.477,21.7,26.8,26.8,143
2021-11-17 15:11:05.466,21.7,26.8,26.8,143
2021-11-17 15:11:03.455,21.7,26.8,26.8,143
2021-11-17 15:11:01.447,21.7,26.8,26.8,143
2021-11-17 15:10:59.436,21.7,26.8,26.8,143
2021-11-17 15:10:57.425,21.7,26.8,26.8,143
2021-11-17 15:10:55.417,21.7,26.8,26.8,143
2021-11-17 15:10:53.406,21.7,26.8,26.8,143
2021-11-17 15:10:51.395,21.7,26.8,26.8,143
2021-11-17 15:10:49.383,21.7,26.8,26.8,143
2021-11-17 15:10:47.376,21.7,26.9,26.9,143
2021-11-17 15:10:45.365,21.7,26.9,26.9,143
2021-11-17 15:10:43.354,21.7,26.9,26.9,143
2021-11-17 15:10:41.342,21.7,26.9,26.9,143
2021-11-17 15:10:39.335,21.7,26.9,26.9,143
2021-11-17 15:10:37.324,21.7,27.0,27.0,143
2021-11-17 15:10:35.312,21.7,27.0,27.0,143
2021-11-17 15:10:33.305,21.7,27.0,27.0,143
2021-11-17 15:10:31.294,21.7,27.0,27.0,143
2021-11-17 15:10:29.282,21.7,27.0,27.0,143
2021-11-17 15:10:27.271,21.7,27.0,27.0,143
2021-11-17 15:10:25.264,21.7,27.0,27.0,143
2021-11-17 15:10:23.253,21.7,27.0,27.0,143
2021-11-17 15:10:21.241,21.7,27.0,27.0,143
2021-11-17 15:10:19.234,21.7,27.1,27.1,143
2021-11-17 15:10:17.222,21.7,27.1,27.1,143
2021-11-17 15:10:15.211,21.8,27.1,27.1,143
2021-11-17 15:10:13.200,21.7,27.1,27.1,143
2021-11-17 15:10:11.193,21.7,27.1,27.1,143
2021-11-17 15:10:09.181,21.7,27.1,27.1,143
2021-11-17 15:10:07.170,21.7,27.1,27.1,143
2021-11-17 15:10:05.159,21.7,27.1,27.1,143
2021-11-17 15:10:03.151,21.8,27.2,27.2,143
2021-11-17 15:10:01.140,21.7,27.1,27.1,144
2021-11-17 15:09:59.129,21.8,27.2,27.2,143
2021-11-17 15:09:57.117,21.8,27.2,27.2,144
2021-11-17 15:09:55.110,21.8,27.3,27.3,144
2021-11-17 15:09:53.099,21.8,27.3,27.3,145
2021-11-17 15:09:51.087,21.7,27.1,27.1,144
2021-11-17 15:09:49.080,21.8,27.1,27.1,143
2021-11-17 15:09:47.069,21.8,27.0,27.0,142
2021-11-17 15:09:45.057,21.8,26.9,26.9,143
2021-11-17 15:09:43.046,21.7,26.8,26.8,143
2021-11-17 15:09:41.039,21.8,26.9,26.9,144
2021-11-17 15:09:39.027,21.8,26.9,26.9,143
2021-11-17 15:09:37.016,21.8,26.9,26.9,144
2021-11-17 15:09:35.009,21.7,26.8,26.8,143
2021-11-17 15:09:32.998,21.8,26.8,26.8,143
2021-11-17 15:09:30.986,21.8,26.8,26.8,143
2021-11-17 15:09:28.975,21.8,26.8,26.8,143
2021-11-17 15:09:26.968,21.8,26.8,26.8,143
2021-11-17 15:09:24.956,21.8,26.8,26.8,143
2021-11-17 15:09:22.945,21.8,26.8,26.8,143
2021-11-17 15:09:20.934,21.8,26.8,26.8,143
2021-11-17 15:09:18.926,21.8,26.8,26.8,143
2021-11-17 15:09:16.915,21.8,26.8,26.8,143
2021-11-17 15:09:14.904,21.8,26.8,26.8,143
2021-11-17 15:09:12.896,21.8,26.8,26.8,143
2021-11-17 15:09:10.885,21.8,26.8,26.8,143
2021-11-17 15:09:08.874,21.8,26.8,26.8,143
2021-11-17 15:09:06.862,21.8,26.8,26.8,143
2021-11-17 15:09:04.855,21.8,26.8,26.8,143
2021-11-17 15:09:02.844,21.8,26.8,26.8,142
2021-11-17 15:09:00.832,21.8,26.8,26.8,144
2021-11-17 15:08:58.821,21.8,26.9,26.9,143
2021-11-17 15:08:56.814,21.8,26.9,26.9,143
2021-11-17 15:08:54.803,21.8,26.9,26.9,143
2021-11-17 15:08:52.791,21.8,26.9,26.9,144
2021-11-17 15:08:50.784,21.8,26.9,26.9,144
2021-11-17 15:08:48.773,21.8,26.9,26.9,143
2021-11-17 15:08:46.761,21.8,26.9,26.9,142
2021-11-17 15:08:44.750,21.8,26.9,26.9,142
2021-11-17 15:08:42.743,21.8,27.0,27.0,143
2021-11-17 15:08:40.731,21.8,27.0,27.0,142
2021-11-17 15:08:38.720,21.8,27.0,27.0,144
2021-11-17 15:08:36.713,21.8,27.0,27.0,145
2021-11-17 15:08:34.701,21.8,27.0,27.0,144
2021-11-17 15:08:32.690,21.8,27.0,27.0,144
2021-11-17 15:08:30.679,21.8,27.0,27.0,144
2021-11-17 15:08:28.672,21.8,27.1,27.1,144
2021-11-17 15:08:26.660,21.8,27.1,27.1,144
2021-11-17 15:08:24.649,21.8,27.1,27.1,144
2021-11-17 15:08:22.637,21.8,27.1,27.1,144
2021-11-17 15:08:20.629,21.8,27.1,27.1,145
2021-11-17 15:08:18.618,21.8,27.1,27.1,144
2021-11-17 15:08:16.607,21.8,27.1,27.1,144
2021-11-17 15:08:14.595,21.8,27.2,27.2,144
2021-11-17 15:08:12.588,21.8,27.2,27.2,144
2021-11-17 15:08:10.577,21.7,27.1,27.1,144
2021-11-17 15:08:08.566,21.8,27.2,27.2,144
2021-11-17 15:08:06.558,21.8,27.1,27.1,145
2021-11-17 15:08:04.547,21.8,27.1,27.1,144
2021-11-17 15:08:02.536,21.8,27.1,27.1,144
2021-11-17 15:08:00.524,21.8,27.1,27.1,144
2021-11-17 15:07:58.517,21.7,27.0,27.0,144
2021-11-17 15:07:56.506,21.8,27.1,27.1,144
2021-11-17 15:07:54.494,21.8,27.1,27.1,144
2021-11-17 15:07:52.483,21.7,27.1,27.1,144
2021-11-17 15:07:50.476,21.7,27.1,27.1,144
2021-11-17 15:07:48.465,21.8,27.1,27.1,141
2021-11-17 15:07:46.453,21.8,27.1,27.1,145
2021-11-17 15:07:44.442,21.7,27.1,27.1,144
2021-11-17 15:07:42.435,21.8,27.2,27.2,145
2021-11-17 15:07:40.423,21.8,27.2,27.2,145
2021-11-17 15:07:38.412,21.7,27.1,27.1,144
2021-11-17 15:07:36.405,21.8,27.2,27.2,144
2021-11-17 15:07:34.393,21.8,27.2,27.2,145
2021-11-17 15:07:32.382,21.8,27.2,27.2,145
2021-11-17 15:07:30.371,21.8,27.1,27.1,145
2021-11-17 15:07:28.363,21.8,27.1,27.1,144
2021-11-17 15:07:26.352,21.8,27.1,27.1,144
2021-11-17 15:07:24.341,21.8,27.0,27.0,145
2021-11-17 15:07:22.333,21.8,27.0,27.0,145
2021-11-17 15:07:20.323,21.8,27.0,27.0,143
2021-11-17 15:07:18.311,21.8,26.9,26.9,146
2021-11-17 15:07:16.300,21.8,26.9,26.9,144
2021-11-17 15:07:14.293,21.8,26.9,26.9,144
2021-11-17 15:07:12.281,21.8,26.9,26.9,145
2021-11-17 15:07:10.270,21.8,26.9,26.9,143
2021-11-17 15:07:08.259,21.8,26.9,26.9,144
2021-11-17 15:07:06.251,21.8,26.8,26.8,144
2021-11-17 15:07:04.240,21.8,26.8,26.8,144
2021-11-17 15:07:02.229,21.8,26.8,26.8,144
2021-11-17 15:07:00.221,21.8,26.8,26.8,143
2021-11-17 15:06:58.210,21.8,26.8,26.8,144
2021-11-17 15:06:56.199,21.8,26.8,26.8,145
2021-11-17 15:06:54.187,21.8,26.8,26.8,143
2021-11-17 15:06:52.180,21.8,26.8,26.8,143
2021-11-17 15:06:50.169,21.8,26.8,26.8,143
2021-11-17 15:06:48.157,21.8,26.8,26.8,144
2021-11-17 15:06:46.146,21.8,26.8,26.8,143
2021-11-17 15:06:44.139,21.8,26.8,26.8,143
2021-11-17 15:06:42.128,21.8,26.8,26.8,144
2021-11-17 15:06:40.116,21.8,26.9,26.9,144
2021-11-17 15:06:38.109,21.8,26.9,26.9,145
2021-11-17 15:06:36.098,21.8,26.9,26.9,144
2021-11-17 15:06:34.087,21.8,26.9,26.9,144
2021-11-17 15:06:32.075,21.9,27.0,27.0,144
2021-11-17 15:06:30.068,21.9,27.0,27.0,145
2021-11-17 15:06:28.056,21.8,27.0,27.0,144
2021-11-17 15:06:26.045,21.9,27.0,27.0,144
2021-11-17 15:06:24.038,21.9,27.1,27.1,145
2021-11-17 15:06:22.026,21.8,27.1,27.1,145
2021-11-17 15:06:20.015,21.8,27.1,27.1,145
2021-11-17 15:06:18.004,21.9,27.2,27.2,145
2021-11-17 15:06:15.997,21.9,27.2,27.2,145
2021-11-17 15:06:13.985,21.9,27.2,27.2,145
2021-11-17 15:06:11.974,21.8,27.1,27.1,143
2021-11-17 15:06:09.963,21.8,27.2,27.2,143
2021-11-17 15:06:07.955,21.8,27.2,27.2,143
2021-11-17 15:06:05.944,21.8,27.2,27.2,143
2021-11-17 15:06:03.933,21.8,27.2,27.2,144
2021-11-17 15:06:01.925,21.8,27.2,27.2,143
2021-11-17 15:05:59.914,21.8,27.3,27.3,143
2021-11-17 15:05:57.903,21.8,27.3,27.3,143
2021-11-17 15:05:55.891,21.8,27.3,27.3,143
2021-11-17 15:05:53.884,21.8,27.3,27.3,143
2021-11-17 15:05:51.873,21.8,27.3,27.3,143
2021-11-17 15:05:49.861,21.8,27.3,27.3,143
2021-11-17 15:05:47.854,21.8,27.3,27.3,144
2021-11-17 15:05:45.843,21.8,27.3,27.3,144
2021-11-17 15:05:43.832,21.8,27.3,27.3,143
2021-11-17 15:05:41.820,21.8,27.3,27.3,144
2021-11-17 15:05:39.813,21.8,27.4,27.4,143
2021-11-17 15:05:37.802,21.8,27.4,27.4,144
2021-11-17 15:05:35.790,21.8,27.4,27.4,145
2021-11-17 15:05:33.779,21.8,27.5,27.5,144
2021-11-17 15:05:31.772,21.8,27.5,27.5,144
2021-11-17 15:05:29.760,21.8,27.5,27.5,144
2021-11-17 15:05:27.749,21.8,27.5,27.5,144
2021-11-17 15:05:25.738,21.8,27.5,27.5,144
2021-11-17 15:05:23.730,21.8,27.5,27.5,145
2021-11-17 15:05:21.719,21.8,27.5,27.5,143
2021-11-17 15:05:19.708,21.8,27.5,27.5,144
2021-11-17 15:05:17.700,21.8,27.5,27.5,144
2021-11-17 15:05:15.689,21.8,27.5,27.5,144
2021-11-17 15:05:13.678,21.8,27.5,27.5,143
2021-11-17 15:05:11.666,21.8,27.6,27.6,143
2021-11-17 15:05:09.659,21.8,27.6,27.6,143
2021-11-17 15:05:07.648,21.8,27.6,27.6,146
2021-11-17 15:05:05.637,21.7,27.6,27.6,145
2021-11-17 15:05:03.625,21.8,27.7,27.7,145
2021-11-17 15:05:01.618,21.7,27.6,27.6,144
2021-11-17 15:04:59.606,21.8,27.7,27.7,145
2021-11-17 15:04:57.595,21.7,27.6,27.6,145
2021-11-17 15:04:55.584,21.8,27.7,27.7,145
2021-11-17 15:04:53.576,21.8,27.7,27.7,145
2021-11-17 15:04:51.565,21.7,27.7,27.7,145
2021-11-17 15:04:49.554,21.8,27.8,27.8,145
2021-11-17 15:04:47.547,21.8,27.8,27.8,145
2021-11-17 15:04:45.535,21.8,27.8,27.8,145
2021-11-17 15:04:43.524,21.8,27.8,27.8,145
2021-11-17 15:04:41.513,21.8,27.8,27.8,145
2021-11-17 15:04:39.505,21.8,27.9,27.9,145
2021-11-17 15:04:37.494,21.8,27.9,27.9,145
2021-11-17 15:04:35.483,21.8,28.0,28.0,144
2021-11-17 15:04:33.471,21.8,28.0,28.0,145
2021-11-17 15:04:31.464,21.8,28.0,28.0,145
2021-11-17 15:04:29.453,21.8,28.0,28.0,145
2021-11-17 15:04:27.441,21.8,28.0,28.0,145
2021-11-17 15:04:25.435,21.8,28.0,28.0,145
2021-11-17 15:04:23.423,21.8,28.0,28.0,145
2021-11-17 15:04:21.411,21.8,28.0,28.0,145
2021-11-17 15:04:19.400,21.8,28.0,28.0,145
2021-11-17 15:04:17.392,21.8,28.0,28.0,145
2021-11-17 15:04:15.381,21.8,28.0,28.0,145
2021-11-17 15:04:13.370,21.8,28.0,28.0,145
2021-11-17 15:04:11.358,21.8,28.0,28.0,145
2021-11-17 15:04:09.351,21.8,28.0,28.0,144
2021-11-17 15:04:07.340,21.8,27.9,27.9,145
2021-11-17 15:04:05.328,21.8,27.9,27.9,145
2021-11-17 15:04:03.321,21.8,27.9,27.9,145
2021-11-17 15:04:01.310,21.8,27.9,27.9,145
2021-11-17 15:03:59.299,21.8,27.9,27.9,144
2021-11-17 15:03:57.287,21.8,27.9,27.9,145
2021-11-17 15:03:55.280,21.8,27.9,27.9,145
2021-11-17 15:03:53.269,21.8,27.9,27.9,145
2021-11-17 15:03:51.257,21.8,27.9,27.9,145
2021-11-17 15:03:49.246,21.8,27.9,27.9,145
2021-11-17 15:03:47.239,21.8,27.9,27.9,145
2021-11-17 15:03:45.227,21.8,27.9,27.9,145
2021-11-17 15:03:43.216,21.8,27.9,27.9,144
2021-11-17 15:03:41.205,21.7,27.8,27.8,145
2021-11-17 15:03:39.197,21.8,27.8,27.8,145
2021-11-17 15:03:37.186,21.8,27.8,27.8,145
2021-11-17 15:03:35.175,21.8,27.8,27.8,144
2021-11-17 15:03:33.163,21.8,27.8,27.8,144
2021-11-17 15:03:31.156,21.8,27.8,27.8,144
2021-11-17 15:03:29.145,21.8,27.8,27.8,144
2021-11-17 15:03:27.133,21.7,27.6,27.6,145
2021-11-17 15:03:25.126,21.8,27.7,27.7,143
2021-11-17 15:03:23.115,21.8,27.6,27.6,145
2021-11-17 15:03:21.104,21.7,27.5,27.5,145
2021-11-17 15:03:19.093,21.7,27.5,27.5,145
2021-11-17 15:03:17.086,21.7,27.5,27.5,145
2021-11-17 15:03:15.074,21.8,27.6,27.6,145
2021-11-17 15:03:13.063,21.7,27.6,27.6,145
2021-11-17 15:03:11.052,21.8,27.6,27.6,145
2021-11-17 15:03:09.044,21.7,27.6,27.6,145
2021-11-17 15:03:07.033,21.8,27.6,27.6,145
2021-11-17 15:03:05.021,21.8,27.6,27.6,145
2021-11-17 15:03:03.010,21.8,27.6,27.6,145
2021-11-17 15:03:01.003,21.8,27.6,27.6,145
2021-11-17 15:02:58.992,21.8,27.6,27.6,145
2021-11-17 15:02:56.980,21.8,27.5,27.5,144
2021-11-17 15:02:54.973,21.7,27.5,27.5,145
2021-11-17 15:02:52.962,21.8,27.5,27.5,145
2021-11-17 15:02:50.950,21.8,27.5,27.5,143
2021-11-17 15:02:48.939,21.8,27.6,27.6,144
2021-11-17 15:02:46.932,21.8,27.6,27.6,145
2021-11-17 15:02:44.921,21.7,27.5,27.5,145
2021-11-17 15:02:42.909,21.7,27.5,27.5,145
2021-11-17 15:02:40.898,21.8,27.5,27.5,145
2021-11-17 15:02:38.890,21.8,27.5,27.5,145
2021-11-17 15:02:36.879,21.8,27.4,27.4,145
2021-11-17 15:02:34.868,21.8,27.4,27.4,145
2021-11-17 15:02:32.856,21.7,27.3,27.3,143
2021-11-17 15:02:30.849,21.7,27.3,27.3,145
2021-11-17 15:02:28.838,21.7,27.3,27.3,145
2021-11-17 15:02:26.827,21.8,27.3,27.3,145
2021-11-17 15:02:24.819,21.7,27.3,27.3,145
2021-11-17 15:02:22.808,21.7,27.3,27.3,144
2021-11-17 15:02:20.797,21.7,27.3,27.3,144
2021-11-17 15:02:18.785,21.7,27.3,27.3,145
2021-11-17 15:02:16.777,21.7,27.3,27.3,145
2021-11-17 15:02:14.766,21.7,27.3,27.3,145
2021-11-17 15:02:12.755,21.7,27.3,27.3,145
2021-11-17 15:02:10.743,21.7,27.3,27.3,145
2021-11-17 15:02:08.736,21.7,27.3,27.3,145
2021-11-17 15:02:06.725,21.7,27.3,27.3,145
2021-11-17 15:02:04.713,21.7,27.3,27.3,145
2021-11-17 15:02:02.706,21.7,27.3,27.3,145
2021-11-17 15:02:00.695,21.7,27.3,27.3,145
2021-11-17 15:01:58.684,21.7,27.3,27.3,145
2021-11-17 15:01:56.672,21.8,27.4,27.4,145
2021-11-17 15:01:54.665,21.7,27.3,27.3,145
2021-11-17 15:01:52.654,21.7,27.3,27.3,145
2021-11-17 15:01:50.642,21.7,27.3,27.3,145
2021-11-17 15:01:48.631,21.7,27.3,27.3,144
2021-11-17 15:01:46.624,21.7,27.3,27.3,144
2021-11-17 15:01:44.612,21.7,27.3,27.3,145
2021-11-17 15:01:42.601,21.7,27.3,27.3,145
2021-11-17 15:01:40.594,21.7,27.3,27.3,145
2021-11-17 15:01:38.582,21.7,27.3,27.3,144
2021-11-17 15:01:36.571,21.7,27.3,27.3,144
2021-11-17 15:01:34.560,21.7,27.3,27.3,145
2021-11-17 15:01:32.552,21.7,27.3,27.3,144
2021-11-17 15:01:30.541,21.7,27.3,27.3,144
2021-11-17 15:01:28.530,21.7,27.3,27.3,144
2021-11-17 15:01:26.518,21.7,27.3,27.3,144
2021-11-17 15:01:24.511,21.7,27.3,27.3,144
2021-11-17 15:01:22.500,21.7,27.3,27.3,144
2021-11-17 15:01:20.488,21.7,27.3,27.3,144
2021-11-17 15:01:18.478,21.7,27.2,27.2,144
2021-11-17 15:01:16.471,21.7,27.3,27.3,144
2021-11-17 15:01:14.459,21.7,27.3,27.3,144
2021-11-17 15:01:12.448,21.7,27.3,27.3,144
2021-11-17 15:01:10.441,21.7,27.3,27.3,144
2021-11-17 15:01:08.429,21.7,27.3,27.3,144
2021-11-17 15:01:06.418,21.7,27.3,27.3,144
2021-11-17 15:01:04.407,21.7,27.3,27.3,144
2021-11-17 15:01:02.399,21.7,27.3,27.3,144
2021-11-17 15:01:00.388,21.7,27.3,27.3,144
2021-11-17 15:00:58.377,21.7,27.3,27.3,145
2021-11-17 15:00:56.369,21.7,27.3,27.3,145
2021-11-17 15:00:54.358,21.7,27.3,27.3,145
2021-11-17 15:00:52.347,21.7,27.3,27.3,145
2021-11-17 15:00:50.336,21.7,27.3,27.3,145
2021-11-17 15:00:48.328,21.7,27.3,27.3,144
2021-11-17 15:00:46.317,21.7,27.4,27.4,144
2021-11-17 15:00:44.306,21.7,27.3,27.3,144
2021-11-17 15:00:42.294,21.7,27.4,27.4,144
2021-11-17 15:00:40.287,21.7,27.3,27.3,144
2021-11-17 15:00:38.276,21.7,27.3,27.3,144
2021-11-17 15:00:36.264,21.7,27.3,27.3,144
2021-11-17 15:00:34.257,21.7,27.4,27.4,144
2021-11-17 15:00:32.246,21.7,27.3,27.3,144
2021-11-17 15:00:30.234,21.7,27.3,27.3,144
2021-11-17 15:00:28.223,21.7,27.3,27.3,144
2021-11-17 15:00:26.216,21.7,27.3,27.3,144
2021-11-17 15:00:24.204,21.7,27.3,27.3,144
2021-11-17 15:00:22.193,21.7,27.3,27.3,143
2021-11-17 15:00:20.182,21.7,27.3,27.3,143
2021-11-17 15:00:18.174,21.7,27.3,27.3,143
